ModelID,parp1_expr_tpm_log1p,rnf144a_expr_tpm_log1p,rnf144a_expr_bin,parp1_expr_bin,rnf_low_parp_high_expr_proxy
ACH-000978,7.0437381998014,2.839959587489532,NOT_LOW,NOT_HIGH,False
ACH-000971,7.6018450565110385,2.769771739249448,NOT_LOW,HIGH,False
ACH-001709,7.575463612084407,0.1505596765753814,LOW,HIGH,True
ACH-000936,6.273515889702116,2.811471030529836,NOT_LOW,NOT_HIGH,False
ACH-000956,8.150407356980573,1.992768430768924,NOT_LOW,HIGH,False
ACH-000963,7.376602951924786,1.7990873060740036,NOT_LOW,NOT_HIGH,False
ACH-000883,6.532005193790571,2.2387868595871168,NOT_LOW,NOT_HIGH,False
ACH-000985,6.8370602037586,0.0565835283663675,LOW,NOT_HIGH,False
